<?xml version="1.0" encoding="UTF-8"?>
<project-private xmlns="http://www.netbeans.org/ns/project-private/1">
    <editor-bookmarks xmlns="http://www.netbeans.org/ns/editor-bookmarks/2" lastBookmarkId="0"/>
    <open-files xmlns="http://www.netbeans.org/ns/projectui-open-files/2">
        <group>
            <file>file:/C:/Users/ASUS/Documents/NetBeansProjects/Adidas/src/java/Query/CategoryQuery.java</file>
            <file>file:/C:/Users/ASUS/Documents/NetBeansProjects/Adidas/src/java/Servlet/LoginServlet.java</file>
            <file>file:/C:/Users/ASUS/Documents/NetBeansProjects/Adidas/web/category.css</file>
            <file>file:/C:/Users/ASUS/Documents/NetBeansProjects/Adidas/src/java/Config/DBConnection.java</file>
            <file>file:/C:/Users/ASUS/Documents/NetBeansProjects/Adidas/web/category.jsp</file>
            <file>file:/C:/Users/ASUS/Documents/NetBeansProjects/Adidas/src/java/Controller/Controller.java</file>
            <file>file:/C:/Users/ASUS/Documents/NetBeansProjects/Adidas/src/java/Query/OrderQuery.java</file>
            <file>file:/C:/Users/ASUS/Documents/NetBeansProjects/Adidas/web/detail.css</file>
            <file>file:/C:/Users/ASUS/Documents/NetBeansProjects/Adidas/src/java/Servlet/CartServlet.java</file>
            <file>file:/C:/Users/ASUS/Documents/NetBeansProjects/Adidas/src/java/Controller/CategoryController.java</file>
            <file>file:/C:/Users/ASUS/Documents/NetBeansProjects/Adidas/web/index.css</file>
            <file>file:/C:/Users/ASUS/Documents/NetBeansProjects/Adidas/web/detail.jsp</file>
            <file>file:/C:/Users/ASUS/Documents/NetBeansProjects/Adidas/src/java/Query/UserQuery.java</file>
            <file>file:/C:/Users/ASUS/Documents/NetBeansProjects/Adidas/src/java/Query/OrderDetailQuery.java</file>
            <file>file:/C:/Users/ASUS/Documents/NetBeansProjects/Adidas/web/index.jsp</file>
            <file>file:/C:/Users/ASUS/Documents/NetBeansProjects/Adidas/src/java/Servlet/IndexServlet.java</file>
            <file>file:/C:/Users/ASUS/Documents/NetBeansProjects/Adidas/src/java/Controller/UserController.java</file>
            <file>file:/C:/Users/ASUS/Documents/NetBeansProjects/Adidas/src/java/Controller/ShoeController.java</file>
            <file>file:/C:/Users/ASUS/Documents/NetBeansProjects/Adidas/src/java/Servlet/RegisterServlet.java</file>
            <file>file:/C:/Users/ASUS/Documents/NetBeansProjects/Adidas/src/java/Controller/OrderController.java</file>
            <file>file:/C:/Users/ASUS/Documents/NetBeansProjects/Adidas/src/java/Servlet/LogoutServlet.java</file>
            <file>file:/C:/Users/ASUS/Documents/NetBeansProjects/Adidas/src/java/Servlet/CategoryServlet.java</file>
            <file>file:/C:/Users/ASUS/Documents/NetBeansProjects/Adidas/src/java/Query/ShoeQuery.java</file>
            <file>file:/C:/Users/ASUS/Documents/NetBeansProjects/Adidas/web/detail.js</file>
            <file>file:/C:/Users/ASUS/Documents/NetBeansProjects/Adidas/web/cart.css</file>
            <file>file:/C:/Users/ASUS/Documents/NetBeansProjects/Adidas/web/cart.jsp</file>
            <file>file:/C:/Users/ASUS/Documents/NetBeansProjects/Adidas/src/java/Servlet/DetailServlet.java</file>
            <file>file:/C:/Users/ASUS/Documents/NetBeansProjects/Adidas/src/java/Controller/OrderDetailController.java</file>
        </group>
    </open-files>
</project-private>
